[
  {
    "name": "John Smith",
    "quote": "Lorem ipsum dolor sit amet, consectetur adipiscing elit. Praesent vitae lacinia erat. Nullam et augue eget libero euismod fringilla. Pellentesque in odio lacus.",
    "profilePic": "",
    "degree": "Comp sci"
  },
  {
    "name": "John Smith",
    "quote": "Lorem ipsum dolor sit amet, consectetur adipiscing elit. Praesent vitae lacinia erat. Nullam et augue eget libero euismod fringilla. Pellentesque in odio lacus.",
    "profilePic": "",
    "degree": "Comp sci"
  },
  {
    "name": "John Smith",
    "quote": "Lorem ipsum dolor sit amet, consectetur adipiscing elit. Praesent vitae lacinia erat. Nullam et augue eget libero euismod fringilla. Pellentesque in odio lacus.",
    "profilePic": "",
    "degree": "Comp sci"
  },
  {
    "name": "John Smith",
    "quote": "Lorem ipsum dolor sit amet, consectetur adipiscing elit. Praesent vitae lacinia erat. Nullam et augue eget libero euismod fringilla. Pellentesque in odio lacus.",
    "profilePic": "",
    "degree": "Comp sci"
  },
  {
    "name": "John Smith",
    "quote": "Lorem ipsum dolor sit amet, consectetur adipiscing elit. Praesent vitae lacinia erat. Nullam et augue eget libero euismod fringilla. Pellentesque in odio lacus.",
    "profilePic": "",
    "degree": "Comp sci"
  },
  {
    "name": "John Smith",
    "quote": "Lorem ipsum dolor sit amet, consectetur adipiscing elit. Praesent vitae lacinia erat. Nullam et augue eget libero euismod fringilla. Pellentesque in odio lacus.",
    "profilePic": "",
    "degree": "Comp sci"
  }
]